,Authors,Author full names,Author(s) ID,Title,Year,Source title,Volume,Issue,Art. No.,Page start,Page end,Page count,Cited by,DOI,Link,Document Type,Publication Stage,Open Access,Source,EID,Assessment ,Primary Task,Secondary Task,Tertiary,disease-classification,disease-prediction,nn-synthetic-data-task-augmentation,non-nn-synthetic-data-task-augmentation,nlg,synthetic-data-realism,ner/entity-classification/re,bias-evaluation,qa,risk/treatment-prediction,scalability/performance,security task classification,embedding harmonization,patient-trial matching,ablation-study,PET A,PET B,PET C,PET Notes,Unnamed: 43,Data Type,Training Data Sources,Model,model-bert,model-gpt,model-gan,model-attention-other,model-lstm,model-rnn,model-diffusion,model-autoencoder,model-other-nn,Evaluation,Evaluation Data,evaluation-auroc,evaluation-auprc,Earliness,evaluation-auc,evaluation-accuracy,evaluation-average-diagnosis-time,evalutation-kappa,evaluation-loss,evaluation-f1,evaluation-precision,evaluation-recall,evaluation-perplexity,evaluation-r2,rp80,evaluation-similairity-GT,evaluation-similairity-dimensionwisedist(dwd),evaluation-pairwise-correlation-diff,evlaution-log-cluster,evaluation-synthetic-rank,evaluation-similairity-jensen-shannon-divergence,evaluation-similairity-dimensionwisestat(dws),evaluation-similairity-dimensionwiseavg(dwa),evaluation-similairity-dimensionwisepred(dwp),evaluation-similairity-dimensionwiseprob(dwp),evaluation-similairity-corr,evaluation-privacy-kl-divergence,evaluation-privacy-minkowshi-distance,evaluation-privacy-budget,evaluation-privacy-cosine-similairity,evaluation-similairity-normalized-distance,evaluation-survival-rate,evaluation-clinician,evaluation-error-rate,evaluation-similairity-jaccard,evaluation-hamming-loss,evaluation-bleu,evaluation-g-squared,evaluation-rogue,evaluation-bm25,evaluation-embedding-similairity,evaluation-cider,Clinical Domain,privacy-evaluation,privacy-evaluation notes,Summary,Conclusion,Notes,REPO,ID
5,Litake O.; Park B.H.; Tully J.L.; Gabriel R.A.,"Litake, Onkar (57318240400); Park, Brian H. (58539715600); Tully, Jeffrey L. (56076138100); Gabriel, Rodney A (56462222800)",57318240400; 58539715600; 56076138100; 56462222800,Constructing synthetic datasets with generative artificial intelligence to train large language models to classify acute renal failure from clinical notes,2024,Journal of the American Medical Informatics Association,31,6,,1404,1410,6.0,1,10.1093/jamia/ocae081,https://www.scopus.com/inward/record.uri?eid=2-s2.0-85193948958&doi=10.1093%2fjamia%2focae081&partnerID=40&md5=9ed2942f88de805bb9af5b3b9e6e6345,Article,Final,,Scopus,2-s2.0-85193948958,SD,Disease Classification,Synthetic Data Generation,,1.0,0.0,1,0,0.0,0.0,0.0,0.0,0.0,0.0,0.0,0.0,0.0,0.0,0.0,Synthetic Data,-,SD,"1000 note sets using GPT-3, LLAMA Model for Note generation with each 15, 30, 45 Sentance lengths; Prompted to include X sentence length and a 90:10 neg/pos label split. Balanced Training data was also generated and compared for GPT and LLAMA-2 ",Compare Performance of Task for models trained with real notes versus synthetic notes,Unstructured Text,MIMIC-III Discharge Summaries | Varaible length LLM Synthetic Notes,"RoBERTa, BioBERT, PubMedBERT",1.0,1.0,0.0,0.0,0.0,0.0,0.0,0.0,0.0,"AUC,P,R,F1,A",MIMIC-III Discharge Summaries Validation Set,0.0,0.0,0.0,1.0,0.0,0.0,0.0,0.0,0.0,0.0,0.0,0.0,0.0,0.0,0.0,0.0,0.0,0.0,0.0,0.0,0.0,0.0,0.0,0.0,0.0,0.0,0.0,0.0,0.0,0.0,0.0,0.0,0.0,0.0,0.0,0.0,0.0,0.0,0.0,0.0,0.0,Nephrology,-,-,Investigate disease classification performance using BERT-based classifier comparing MIMIC-III discharge summaries and synthetically generated notes of variable length and balance by prompting GPT-3.5 and LLAMA-2.,"RoBERTa trained with synthetic notes can achieve comparable performance to real notes, especially when the synthetic dataset is balanced",ease of balancing,,litake_constructing_2024
28,Guevara M.; Chen S.; Thomas S.; Chaunzwa T.L.; Franco I.; Kann B.H.; Moningi S.; Qian J.M.; Goldstein M.; Harper S.; Aerts H.J.W.L.; Catalano P.J.; Savova G.K.; Mak R.H.; Bitterman D.S.,"Guevara, Marco (58165535400); Chen, Shan (58166586200); Thomas, Spencer (58546543300); Chaunzwa, Tafadzwa L. (55506894900); Franco, Idalid (57191500688); Kann, Benjamin H. (43161143000); Moningi, Shalini (18038021200); Qian, Jack M. (57125301900); Goldstein, Madeleine (58546543500); Harper, Susan (58546829200); Aerts, Hugo J. W. L. (16479697600); Catalano, Paul J. (7101947533); Savova, Guergana K. (8312093900); Mak, Raymond H. (8597064200); Bitterman, Danielle S. (56307969500)",58165535400; 58166586200; 58546543300; 55506894900; 57191500688; 43161143000; 18038021200; 57125301900; 58546543500; 58546829200; 16479697600; 7101947533; 8312093900; 8597064200; 56307969500,Large language models to identify social determinants of health in electronic health records,2024,npj Digital Medicine,7,1,6,,,,4,10.1038/s41746-023-00970-0,https://www.scopus.com/inward/record.uri?eid=2-s2.0-85181889002&doi=10.1038%2fs41746-023-00970-0&partnerID=40&md5=9da9bacf0c14754c0c06353e98e7a31b,Article,Final,All Open Access; Gold Open Access,Scopus,2-s2.0-85181889002,SD,"SDoH Entity Classification: employment, housing, transportation, parental status, relationship, and social support",LLM Bias Evaluation,,0.0,0.0,1,0,0.0,0.0,1.0,1.0,0.0,0.0,0.0,0.0,0.0,0.0,1.0,Synthetic Data,-,SD,"Prompt ChatGPT for 538 Synthetic Sentences, 480 of which had SODH mentions and 289 had adverse SDOH mentions",Compare task performance with synthetic notes added,Unstructured Text,800 Real Clnic Notes,"BERT-base, FLAN-T5 family, Zero-shot and Few Shot GPT 3.5, 4",1.0,1.0,0.0,1.0,0.0,0.0,0.0,0.0,0.0,"F1, Gold vs. Gold + Synthetic","MIMIC-III Test Set and OOD, real immunotherapy clinical notes",0.0,0.0,0.0,0.0,0.0,0.0,0.0,0.0,1.0,0.0,0.0,0.0,0.0,0.0,0.0,0.0,0.0,0.0,0.0,0.0,0.0,0.0,0.0,0.0,0.0,0.0,0.0,0.0,0.0,0.0,0.0,0.0,0.0,0.0,0.0,0.0,0.0,0.0,0.0,0.0,0.0,General,-,-,Investigate SDoH Entity Classification for LMs that add ChatGPT-generated notes to real clinical notes; and a bias evaluation of demographic injections to synthetic notes,"Variable impact on Macro F1 performance, significant in smaller FLAN ; LLMs more susceptible to change from demographic injections to synthetic samples",,https://github.com/AIM-Harvard/SDoH,guevara_large_2024
43,Theodorou B.; Xiao C.; Sun J.,"Theodorou, Brandon (57669740100); Xiao, Cao (57199799682); Sun, Jimeng (9737233900)",57669740100; 57199799682; 9737233900,Synthesize high-dimensional longitudinal electronic health records via hierarchical autoregressive language model,2023,Nature Communications,14,1,5305,,,,3,10.1038/s41467-023-41093-0,https://www.scopus.com/inward/record.uri?eid=2-s2.0-85169348718&doi=10.1038%2fs41467-023-41093-0&partnerID=40&md5=68b28912f616eb9b610dedd72f0307ba,Article,Final,All Open Access; Gold Open Access; Green Open Access,Scopus,2-s2.0-85169348718,SD,High-dimensinoal EHR data generation | augmentation of synthetic data for disease classification ,Privacy Evaluation of Syntehtic EHR,"Generation task is to create R‚Ä≤, a synthetic patient record that is statistically similar to and offers the utility of R without any one-to-one mapping to a real patient. Our HALO method does this by learning distribution ùëÉ (R).",1.0,0.0,1,0,0.0,1.0,0.0,0.0,0.0,0.0,0.0,0.0,0.0,0.0,0.0,Synthetic Data,-,SD,,next code probabilitiy logits,Tabular,,Hierarchical Autoregressive Language mOdel (HALO),0.0,0.0,0.0,1.0,0.0,0.0,0.0,0.0,0.0,"Perplexity/R^2 | A, F1",,1.0,0.0,0.0,0.0,1.0,0.0,0.0,1.0,1.0,1.0,1.0,1.0,1.0,0.0,0.0,0.0,0.0,0.0,0.0,0.0,0.0,0.0,0.0,0.0,0.0,0.0,0.0,0.0,0.0,0.0,0.0,0.0,0.0,0.0,0.0,0.0,0.0,0.0,0.0,0.0,0.0,General,1,mia,Propose a novel transformer-based model to a generate sampling distribution of high-dimensional EHR data | Test the efficacy of adding syntehtic data from that distribution on disease classificaiton tasks,,,https://github.com/btheodorou99/HALO_Inpatient,theodorou_synthesize_2023
46,Lu C.; Reddy C.K.; Wang P.; Nie D.; Ning Y.,"Lu, Chang (57224579324); Reddy, Chandan K. (12752116500); Wang, Ping (57191610019); Nie, Dong (57188806186); Ning, Yue (57188730039)",57224579324; 12752116500; 57191610019; 57188806186; 57188730039,Multi-Label Clinical Time-Series Generation via Conditional GAN,2024,IEEE Transactions on Knowledge and Data Engineering,36,4,,1728,1740,12.0,1,10.1109/TKDE.2023.3310909,https://www.scopus.com/inward/record.uri?eid=2-s2.0-85170532776&doi=10.1109%2fTKDE.2023.3310909&partnerID=40&md5=11742f0dd2a93769b3840829152ca660,Article,Final,All Open Access; Green Open Access,Scopus,2-s2.0-85170532776,SD,Synthetic EHR Generation of disease labels (Visit Level and Patient Level),Downstream Disease Prediction,,1.0,0.0,1,0,0.0,1.0,0.0,0.0,0.0,0.0,0.0,0.0,0.0,0.0,1.0,Synthetic Data,,SD,,,Tabular,"MIMIC-III, MIMIC-IV",Multi-label Time Series GAN | RNN,0.0,0.0,1.0,0.0,0.0,1.0,0.0,0.0,0.0,"Wasserstein Distance | F1, AUC",,0.0,0.0,0.0,1.0,0.0,0.0,0.0,0.0,1.0,0.0,0.0,0.0,0.0,0.0,1.0,0.0,0.0,0.0,0.0,1.0,0.0,0.0,0.0,0.0,0.0,0.0,0.0,0.0,0.0,1.0,0.0,0.0,0.0,0.0,0.0,0.0,0.0,0.0,0.0,0.0,0.0,General,-,-,Time-series visit records,,,,lu_multi-label_2024
49,Wang W.; Tang P.; Lou J.; Shao Y.; Waller L.; Ko Y.-A.; Xiong L.,"Wang, Wenjie (58605842300); Tang, Pengfei (57222575024); Lou, Jian (57002257800); Shao, Yuanming (58799602000); Waller, Lance (7006611850); Ko, Yi-An (57005980800); Xiong, Li (47461765600)",58605842300; 57222575024; 57002257800; 58799602000; 7006611850; 57005980800; 47461765600,IGAMT: Privacy-Preserving Electronic Health Record Synthesization with Heterogeneity and Irregularity,2024,Proceedings of the AAAI Conference on Artificial Intelligence,38,14,,15634,15643,9.0,0,10.1609/aaai.v38i14.29491,https://www.scopus.com/inward/record.uri?eid=2-s2.0-85189639917&doi=10.1609%2faaai.v38i14.29491&partnerID=40&md5=0ed58b01f67d0f3cdd2a7845496cf4e8,Conference paper,Final,All Open Access; Gold Open Access,Scopus,2-s2.0-85189639917,SD | DF,Synthetic EHR Generation,Downstream Classification,Privacy Analysis,1.0,0.0,1,0,0.0,1.0,0.0,0.0,0.0,0.0,0.0,0.0,0.0,0.0,0.0,Synthetic Data,Differential Privacy,DP-SD,,,Tabular,"MIMC-IV-ED, Emory Synergy Project",Attention/AE,0.0,0.0,0.0,1.0,0.0,0.0,0.0,0.0,1.0,"Feature similairity, training loss/Accuracy, Minkowski distance and cosine similairity  tradeoff with epsilon",,0.0,0.0,0.0,0.0,1.0,0.0,0.0,1.0,0.0,0.0,0.0,0.0,0.0,0.0,0.0,0.0,0.0,0.0,0.0,0.0,0.0,0.0,0.0,0.0,0.0,1.0,1.0,0.0,0.0,0.0,0.0,0.0,0.0,0.0,0.0,0.0,0.0,0.0,0.0,0.0,0.0,General,1,yes,,,,,wang_igamt:_2024
54,Liu Y.; Bi D.,"Liu, Yang (55894802300); Bi, Donghai (58151002400)",55894802300; 58151002400,Quantitative risk analysis of treatment plans for patients with tumor by mining historical similar patients from electronic health records using federated learning,2023,Risk Analysis,43,12,,2422,2449,27.0,1,10.1111/risa.14124,https://www.scopus.com/inward/record.uri?eid=2-s2.0-85150643669&doi=10.1111%2frisa.14124&partnerID=40&md5=7a04c946aea9e0c00a2fc95091ffcdf7,Article,Final,,Scopus,2-s2.0-85150643669,FL,Quanitative Risk Analysis of Tumor Treatment Plans,,,0.0,0.0,0,0,0.0,0.0,0.0,0.0,0.0,1.0,0.0,0.0,0.0,0.0,0.0,Federated Learning,-,CL,,,Tabular,,DeepLift,0.0,0.0,0.0,0.0,0.0,0.0,0.0,0.0,1.0,,,0.0,0.0,0.0,0.0,1.0,0.0,0.0,0.0,0.0,1.0,0.0,0.0,0.0,0.0,0.0,0.0,0.0,0.0,0.0,0.0,0.0,0.0,0.0,0.0,0.0,0.0,0.0,0.0,0.0,0.0,1.0,0.0,0.0,0.0,0.0,0.0,0.0,0.0,0.0,0.0,0.0,Oncology,-,-,Federated Feature Mining for mining historically similar patients across multiple health systems,"""he accuracy of forecasting the tumor states is 93.8%, and the percentage of 5-year survival of the patients who have adopted the suggested treatments is 84.7%, which are significantly higher than those obtained by FL‚ÄìDNN models and those in practical.",,,liu_quantitative_2023
60,Gwon H.; Ahn I.; Kim Y.; Kang H.J.; Seo H.; Choi H.; Cho H.N.; Kim M.; Han J.; Kee G.; Park S.; Lee K.H.; Jun T.J.; Kim Y.-H.,"Gwon, Hansle (57221779785); Ahn, Imjin (57221780901); Kim, Yunha (57221775986); Kang, Hee Jun (57204768650); Seo, Hyeram (57298277400); Choi, Heejung (57298685400); Cho, Ha Na (57297668700); Kim, Minkyoung (57356592700); Han, JiYe (57927012400); Kee, Gaeun (57927028200); Park, Seohyun (58572221700); Lee, Kye Hwa (57711094000); Jun, Tae Joon (57191960185); Kim, Young-Hak (36067581900)",57221779785; 57221780901; 57221775986; 57204768650; 57298277400; 57298685400; 57297668700; 57356592700; 57927012400; 57927028200; 58572221700; 57711094000; 57191960185; 36067581900,LDP-GAN : Generative adversarial networks with local differential privacy for patient medical records synthesis,2024,Computers in Biology and Medicine,168,,107738,,,,0,10.1016/j.compbiomed.2023.107738,https://www.scopus.com/inward/record.uri?eid=2-s2.0-85177865569&doi=10.1016%2fj.compbiomed.2023.107738&partnerID=40&md5=664f6d50c4120fba5830dd0441196b18,Article,Final,,Scopus,2-s2.0-85177865569,SD | DP,GAN trained with local Differential Privacy,White and Black Box Privacy Attack Comparison,,0.0,0.0,0,0,0.0,1.0,0.0,0.0,0.0,0.0,0.0,0.0,0.0,0.0,0.0,Synthetic Data,Differential Privacy,DP-SD,,,Tabular,CardioNEt,GAN,0.0,0.0,1.0,0.0,0.0,0.0,0.0,0.0,0.0,"Data Similairity measures: DWA, DWS, DWP, Correlation | FBA, PBA, FWB, PWB | tade-off",,0.0,0.0,0.0,0.0,0.0,0.0,0.0,0.0,0.0,0.0,0.0,0.0,0.0,0.0,0.0,0.0,0.0,0.0,0.0,0.0,1.0,1.0,1.0,0.0,1.0,0.0,0.0,1.0,0.0,0.0,0.0,0.0,0.0,0.0,0.0,0.0,0.0,0.0,0.0,0.0,0.0,General,1,White Box and Black Box,"LDP-GAN showed greater stability, but not necessairily a better privacy-utlitliy trade-off",,,https://github.com/ chilab22/LDP-GAN.,gwon_ldp-gan_2024
61,Peng C.; Yang X.; Chen A.; Smith K.E.; PourNejatian N.; Costa A.B.; Martin C.; Flores M.G.; Zhang Y.; Magoc T.; Lipori G.; Mitchell D.A.; Ospina N.S.; Ahmed M.M.; Hogan W.R.; Shenkman E.A.; Guo Y.; Bian J.; Wu Y.,"Peng, Cheng (57208232081); Yang, Xi (57203172777); Chen, Aokun (58036480100); Smith, Kaleb E. (57202789948); PourNejatian, Nima (57552654300); Costa, Anthony B. (23484900800); Martin, Cheryl (57541429800); Flores, Mona G. (57218528816); Zhang, Ying (57541429900); Magoc, Tanja (24768383200); Lipori, Gloria (56442539600); Mitchell, Duane A. (7403871864); Ospina, Naykky S. (56512338100); Ahmed, Mustafa M. (55463628400); Hogan, William R. (7101782257); Shenkman, Elizabeth A. (6603877456); Guo, Yi (57216597174); Bian, Jiang (7103200005); Wu, Yonghui (55645924700)",57208232081; 57203172777; 58036480100; 57202789948; 57552654300; 23484900800; 57541429800; 57218528816; 57541429900; 24768383200; 56442539600; 7403871864; 56512338100; 55463628400; 7101782257; 6603877456; 57216597174; 7103200005; 55645924700,A study of generative large language model for medical research and healthcare,2023,npj Digital Medicine,6,1,210,,,,12,10.1038/s41746-023-00958-w,https://www.scopus.com/inward/record.uri?eid=2-s2.0-85177043166&doi=10.1038%2fs41746-023-00958-w&partnerID=40&md5=f06447139be98245ab7a5d25fb263c56,Article,Final,All Open Access; Gold Open Access; Green Open Access,Scopus,2-s2.0-85177043166,SD,Biomedical Relation Extraction (RE),Question Answering,Downstream NLP models trained with GatortronGPT text,0.0,0.0,0,0,0.0,1.0,1.0,0.0,1.0,0.0,0.0,0.0,0.0,0.0,0.0,Synthethetic Data,-,SD,,,Unstrucutred Text,USF Clinical Narratives,GatorTronGPT,0.0,1.0,0.0,0.0,0.0,0.0,0.0,0.0,0.0,Clinician review of synthetic versus real clinical paragraphs,,0.0,0.0,0.0,0.0,1.0,0.0,0.0,1.0,1.0,1.0,1.0,0.0,0.0,0.0,0.0,0.0,0.0,0.0,0.0,0.0,0.0,0.0,0.0,0.0,0.0,0.0,0.0,0.0,0.0,0.0,0.0,1.0,0.0,0.0,0.0,0.0,0.0,0.0,0.0,0.0,0.0,General,-,-,"Fully trained clinical LLM on de-identified notes, assesed for their realism and utility on downstream tasks",,,,peng_a_2023
63,Om Kumar C.U.; Gajendran S.; Bhavadharini R.M.; Suguna M.; Krithiga R.,"Om Kumar, C.U. (58033060800); Gajendran, Sudhakaran (57193494369); Bhavadharini, R.M. (36709341000); Suguna, M. (57200289073); Krithiga, R. (57921009800)",58033060800; 57193494369; 36709341000; 57200289073; 57921009800,EHR privacy preservation using federated learning with DQRE-Scnet for healthcare application domains,2023,Knowledge-Based Systems,275,,110638,,,,7,10.1016/j.knosys.2023.110638,https://www.scopus.com/inward/record.uri?eid=2-s2.0-85163054127&doi=10.1016%2fj.knosys.2023.110638&partnerID=40&md5=9816ab913038bd80844915066ecff9e0,Article,Final,,Scopus,2-s2.0-85163054127,FL,Disease Classification,,,1.0,0.0,0,0,0.0,0.0,0.0,0.0,0.0,0.0,0.0,0.0,0.0,0.0,0.0,Federated Learning,,CL,HE used,,Tabular | Image,Pima Indians Diabetes (Tabular) | Cleveland heart disease (Tabular) | UCI Machine Learning Repository (Tabular) | MNIST (Image),DCNN | DQRL,0.0,0.0,0.0,0.0,0.0,0.0,0.0,0.0,1.0,,,0.0,0.0,0.0,0.0,1.0,0.0,0.0,0.0,1.0,1.0,1.0,0.0,0.0,0.0,0.0,0.0,0.0,0.0,0.0,0.0,0.0,0.0,0.0,0.0,0.0,0.0,0.0,0.0,0.0,0.0,0.0,0.0,1.0,0.0,0.0,0.0,0.0,0.0,0.0,0.0,0.0,General,-,-,"Chooses model updates according to the most informative local updates, thereby minimizng communication while still maxizing generalization","""+9% Improvement in Accuracy over FedAVG""",Q-Learning and clustering to facilitate efficiceny of federated learning approaches to disease classification using DCNN,,om kumar_ehr_2023
64,Peng L.; Luo G.; Zhou S.; Chen J.; Xu Z.; Sun J.; Zhang R.,"Peng, Le (57224820240); Luo, Gaoxiang (57336793400); Zhou, Sicheng (57210791649); Chen, Jiandong (58536893200); Xu, Ziyue (35209309700); Sun, Ju (7410372667); Zhang, Rui (56900151000)",57224820240; 57336793400; 57210791649; 58536893200; 35209309700; 7410372667; 56900151000,An in-depth evaluation of federated learning on biomedical natural language processing for information extraction,2024,npj Digital Medicine,7,1,127,,,,0,10.1038/s41746-024-01126-4,https://www.scopus.com/inward/record.uri?eid=2-s2.0-85193377702&doi=10.1038%2fs41746-024-01126-4&partnerID=40&md5=35639b07e8e9281754dd4827a4aa1ce0,Article,Final,All Open Access; Gold Open Access,Scopus,2-s2.0-85193377702,FL,"NER, RE","FL Scalability w/ num clients, num parameters, ",FL performance versus few shot and zero shot LLM training,0.0,0.0,0,0,0.0,0.0,1.0,0.0,0.0,0.0,1.0,0.0,0.0,0.0,0.0,Federated Learning,,CL,,,Unstructured Text,2018 n2c2 | BC2GM | BC4CHEMD | JNLPBA | NCBI-disease |EUADR |GAD,"BERT, BioBERT,BlueBERT,BioClinicalBERT,BiLSTM-CRF(NER-Only),GPT-2 in Cenrtalized, Single and FedAVG implementations",1.0,1.0,0.0,0.0,1.0,0.0,0.0,0.0,0.0,F1 on FedAVG v. Centrailzed v. Single,,0.0,0.0,0.0,0.0,0.0,0.0,0.0,0.0,1.0,0.0,0.0,0.0,0.0,0.0,0.0,0.0,0.0,0.0,0.0,0.0,0.0,0.0,0.0,0.0,0.0,0.0,0.0,0.0,0.0,0.0,0.0,0.0,0.0,0.0,0.0,0.0,0.0,0.0,0.0,0.0,0.0,General,-,-,Comparison of FL against single-site and centralized training of common LMs and LLMs on NER and RE Tasks,FL achieves comparable performance to centralized settings | FL on smaller BERT models exceeds performance of FL on LLMs and LLMs traiined with few shot or zero shot,,,peng_an_2024
65,Naseer A.A.; Walker B.; Landon C.; Ambrosy A.; Fudim M.; Wysham N.; Toro B.; Swaminathan S.; Lyons T.,"Naseer, Ahmed Ammar (58867367300); Walker, Benjamin (58452572000); Landon, Christopher (7003491106); Ambrosy, Andrew (35087986800); Fudim, Marat (37037271300); Wysham, Nicholas (55694023900); Toro, Botros (57224830738); Swaminathan, Sumanth (57197795291); Lyons, Terry (7101688817)",58867367300; 58452572000; 7003491106; 35087986800; 37037271300; 55694023900; 57224830738; 57197795291; 7101688817,ScoEHR: Generating Synthetic Electronic Health Records using Continuous-time Diffusion Models,2023,Proceedings of Machine Learning Research,219,,,489,508,19.0,0,,https://www.scopus.com/inward/record.uri?eid=2-s2.0-85184280486&partnerID=40&md5=0eebe66c3e958ab1fa1f8caf1431e060,Conference paper,Final,,Scopus,2-s2.0-85184280486,SD,Synthetic EHR Generation,Privacy Evaluation,,0.0,0.0,0,0,0.0,1.0,0.0,0.0,0.0,0.0,0.0,0.0,0.0,0.0,0.0,Synthetic Data,,DP-SD,,,Tabular,MIMIC-III | Yale New Haven Emergency Department Dataset,Autoencoder with continuos diffusion,0.0,0.0,0.0,0.0,0.0,0.0,1.0,1.0,0.0,"Dimension-wise distribution, Pairwise correlation difference, log-cluster, Synthetic Ranking Agreement ",,0.0,0.0,0.0,0.0,0.0,0.0,0.0,0.0,0.0,0.0,0.0,0.0,0.0,0.0,0.0,1.0,1.0,1.0,1.0,0.0,0.0,0.0,0.0,0.0,0.0,0.0,0.0,0.0,0.0,0.0,0.0,1.0,0.0,0.0,0.0,0.0,0.0,0.0,0.0,0.0,0.0,General,1,MIA,,Superior performance over GAN-based approaches with preservation of feature relationships and distributions | Perservation of privacy based on MIA,,https://github.com/aanaseer/ ScoEHR,naseer_scoehr:_2023
69,Rehman A.; Xing H.; Feng L.; Hussain M.; Gulzar N.; Adnan Khan M.; Hussain A.; Saeed D.,"Rehman, Amir (57223107748); Xing, Huanlai (25923226000); Feng, Li (57695543700); Hussain, Mehboob (57208385088); Gulzar, Nighat (58099202800); Adnan Khan, Muhammad (57576350200); Hussain, Abid (59000868600); Saeed, Dhekra (57216416962)",57223107748; 25923226000; 57695543700; 57208385088; 58099202800; 57576350200; 59000868600; 57216416962,FedCSCD-GAN: A secure and collaborative framework for clinical cancer diagnosis via optimized federated learning and GAN,2024,Biomedical Signal Processing and Control,89,,105893,,,,1,10.1016/j.bspc.2023.105893,https://www.scopus.com/inward/record.uri?eid=2-s2.0-85181701119&doi=10.1016%2fj.bspc.2023.105893&partnerID=40&md5=3c99b38dcc30374c37e8293ba8c94cff,Article,Final,,Scopus,2-s2.0-85181701119,0,Clinical Cancer Diagnosis,Privacy Evaluation,,1.0,0.0,1,0,0.0,0.0,0.0,0.0,0.0,0.0,0.0,0.0,0.0,0.0,0.0,Federated Learning,Differential Privacy,DP-CL,,,Tabular,"Kaggle, UCI ML repo, ","GAN, ",0.0,0.0,1.0,0.0,0.0,0.0,0.0,0.0,0.0,,,0.0,0.0,0.0,0.0,1.0,0.0,0.0,1.0,0.0,1.0,1.0,0.0,0.0,0.0,0.0,0.0,0.0,0.0,0.0,0.0,0.0,0.0,0.0,0.0,0.0,0.0,0.0,1.0,0.0,0.0,0.0,0.0,0.0,0.0,0.0,0.0,0.0,0.0,0.0,0.0,0.0,Oncology,1,yes,,,,ttps://github. com/arishamir/FedCSCD-GAN,rehman_fedcscd-gan:_2024
82,Lee T.-H.; Kim S.; Lee J.; Jun C.-H.,"Lee, Taek-Ho (57194686484); Kim, Suhyeon (57216511251); Lee, Junghye (56055191300); Jun, Chi-Hyuck (16245299200)",57194686484; 57216511251; 56055191300; 16245299200,HarmoSATE: Harmonized embedding-based self-attentive encoder to improve accuracy of privacy-preserving federated predictive analysis,2024,Information Sciences,662,,120265,,,,0,10.1016/j.ins.2024.120265,https://www.scopus.com/inward/record.uri?eid=2-s2.0-85183981951&doi=10.1016%2fj.ins.2024.120265&partnerID=40&md5=1b99ff483f9eab6b5cd4f71ae33ad127,Article,Final,All Open Access; Hybrid Gold Open Access,Scopus,2-s2.0-85183981951,,Harmonization of multi-site clinical embeddings | Diagnosis Prediction,Privacy Evaluation,,0.0,1.0,0,0,0.0,0.0,0.0,0.0,0.0,0.0,1.0,0.0,1.0,0.0,0.0,Federated Learning,,CL,,,Unstructured Text,MIMIC-III,"word2vec, NN Encoder",0.0,0.0,0.0,1.0,0.0,0.0,0.0,0.0,1.0,AUC of local and harmonized embeddings | MIA and AIA,,0.0,0.0,0.0,1.0,0.0,0.0,0.0,0.0,0.0,0.0,0.0,0.0,0.0,0.0,0.0,0.0,0.0,0.0,0.0,0.0,0.0,0.0,0.0,0.0,0.0,0.0,0.0,0.0,1.0,0.0,0.0,0.0,0.0,0.0,0.0,0.0,0.0,0.0,0.0,0.0,0.0,General,1,"yes, MIA, AIA",,,,,lee_harmosate:_2024
86,Siganporia A.; Varia M.; Gorimar U.; Nanade A.,"Siganporia, Afreen (59007810300); Varia, Maitree (59008422600); Gorimar, Uraaz (59007810400); Nanade, Archana (57193734702)",59007810300; 59008422600; 59007810400; 57193734702,Privacy-Enhanced Federated Learning for Rare Genetic Disorder Classification with EHR,2023,"2023 Global Conference on Information Technologies and Communications, GCITC 2023",,,,,,,0,10.1109/GCITC60406.2023.10426518,https://www.scopus.com/inward/record.uri?eid=2-s2.0-85191707511&doi=10.1109%2fGCITC60406.2023.10426518&partnerID=40&md5=eeee61d3bd21b82464f2aa40c88538ec,Conference paper,Final,,Scopus,2-s2.0-85191707511,FL,Disease Classification,,,1.0,0.0,0,0,0.0,0.0,0.0,0.0,0.0,0.0,0.0,0.0,0.0,0.0,0.0,Federated Learning,,CL,,,Tabular,"Kaggle, Of Genomes and Genetics",SNN,0.0,0.0,0.0,0.0,0.0,0.0,0.0,0.0,1.0,Central v. Single V. Federated,,0.0,0.0,0.0,0.0,1.0,0.0,0.0,0.0,1.0,0.0,0.0,0.0,0.0,0.0,0.0,0.0,0.0,0.0,0.0,0.0,0.0,0.0,0.0,0.0,0.0,0.0,0.0,0.0,0.0,0.0,0.0,0.0,0.0,0.0,0.0,0.0,0.0,0.0,0.0,0.0,0.0,Genetics,-,-,,6% improvement over indivdual hospital models,,,siganporia_privacy-enhanced_2023
94,Fu S.; Jia H.; Vassilaki M.; Keloth V.K.; Dang Y.; Zhou Y.; Garg M.; Petersen R.C.; St Sauver J.; Moon S.; Wang L.; Wen A.; Li F.; Xu H.; Tao C.; Fan J.; Liu H.; Sohn S.,"Fu, Sunyang (57204524255); Jia, Heling (58937413300); Vassilaki, Maria (6602472650); Keloth, Vipina K. (57207271008); Dang, Yifang (57225101371); Zhou, Yujia (57208207129); Garg, Muskan (57201597990); Petersen, Ronald C. (58959530900); St Sauver, Jennifer (8042985400); Moon, Sungrim (57199706262); Wang, Liwei (56044356400); Wen, Andrew (57203248254); Li, Fang (57207457538); Xu, Hua (57215023364); Tao, Cui (8245410000); Fan, Jungwei (16401680100); Liu, Hongfang (7409753328); Sohn, Sunghwan (7101646425)",57204524255; 58937413300; 6602472650; 57207271008; 57225101371; 57208207129; 57201597990; 58959530900; 8042985400; 57199706262; 56044356400; 57203248254; 57207457538; 57215023364; 8245410000; 16401680100; 7409753328; 7101646425,FedFSA: Hybrid and federated framework for functional status ascertainment across institutions,2024,Journal of Biomedical Informatics,152,,104623,,,,0,10.1016/j.jbi.2024.104623,https://www.scopus.com/inward/record.uri?eid=2-s2.0-85187660555&doi=10.1016%2fj.jbi.2024.104623&partnerID=40&md5=fb15c0b9960b0ab2b0d75f41d138cd64,Article,Final,,Scopus,2-s2.0-85187660555,FL,ADL NER ,,,0.0,0.0,0,0,0.0,0.0,1.0,0.0,0.0,0.0,0.0,0.0,0.0,0.0,0.0,Federated Learning,,CL,,,Unstructured Text,"4 Sites of Clinical Notes: Mayo Clinic, University of Texas, Olmstead medical center, ","BERT, FedAVG",1.0,0.0,0.0,0.0,0.0,0.0,0.0,0.0,0.0,F1,,0.0,0.0,0.0,0.0,0.0,0.0,0.0,0.0,1.0,1.0,1.0,0.0,0.0,0.0,0.0,0.0,0.0,0.0,0.0,0.0,0.0,0.0,0.0,0.0,0.0,0.0,0.0,0.0,0.0,0.0,0.0,0.0,0.0,0.0,0.0,0.0,0.0,0.0,0.0,0.0,0.0,Functional Status,-,-,outperformed nonFL model,,Functional Status,,fu_fedfsa:_2024
95,Li R.; Wang X.; Yu H.,"Li, Rumeng (56566960500); Wang, Xun (57401893700); Yu, Hong (35785447400)",56566960500; 57401893700; 35785447400,Two Directions for Clinical Data Generation with Large Language Models: Data-to-Label and Label-to-Data,2023,Findings of the Association for Computational Linguistics: EMNLP 2023,,,,7129,7143,14.0,0,,https://www.scopus.com/inward/record.uri?eid=2-s2.0-85183306427&partnerID=40&md5=dcd8a330299f9ce7ba01d82cb3fd1a25,Conference paper,Final,,Scopus,2-s2.0-85183306427,SD,Synthetic Data Generation,Alzheimers Disease Detection,,0.0,1.0,1,0,0.0,0.0,0.0,0.0,0.0,0.0,0.0,0.0,0.0,0.0,0.0,,,SD,,,Unstructured Text,VHA annotated notes | MIMIC-III |GPT-4 Generated Text,"BERT, RoBERTA, ClinicalBERT",1.0,1.0,0.0,0.0,0.0,0.0,0.0,0.0,0.0,0,,0.0,0.0,0.0,0.0,1.0,0.0,0.0,0.0,1.0,1.0,1.0,0.0,0.0,0.0,0.0,0.0,0.0,0.0,0.0,0.0,0.0,0.0,0.0,0.0,0.0,0.0,0.0,0.0,0.0,0.0,0.0,0.0,0.0,0.0,0.0,0.0,0.0,0.0,0.0,0.0,0.0,General,-,-,,Synthetic Data improves AD model detection performance,,,li_two_2023
102,Alzubi J.A.; Alzubi O.A.; Singh A.; Ramachandran M.,"Alzubi, Jafar A. (56500521200); Alzubi, Omar A. (50460949000); Singh, Ashish (57211751093); Ramachandran, Manikandan (37061393600)",56500521200; 50460949000; 57211751093; 37061393600,Cloud-IIoT-Based Electronic Health Record Privacy-Preserving by CNN and Blockchain-Enabled Federated Learning,2023,IEEE Transactions on Industrial Informatics,19,1,,1080,1087,7.0,54,10.1109/TII.2022.3189170,https://www.scopus.com/inward/record.uri?eid=2-s2.0-85134249881&doi=10.1109%2fTII.2022.3189170&partnerID=40&md5=a52cb990c5b26edac83f58b3f6da62a9,Article,Final,,Scopus,2-s2.0-85134249881,FL | Blockchain,Abnormal User Detection,"Scalability, Privacy Analysis",,0.0,0.0,0,0,0.0,0.0,0.0,0.0,0.0,0.0,1.0,1.0,0.0,0.0,0.0,Federated Learning,Differntial Privacty | Blockhain,DP-CL,,,Tabular,"MIMIC-III, PCORnet,OpenNHS",CNN,0.0,0.0,0.0,0.0,0.0,0.0,0.0,0.0,1.0,"Accuracy, Precision | ",,0.0,0.0,0.0,0.0,1.0,0.0,0.0,0.0,1.0,1.0,1.0,0.0,0.0,0.0,0.0,0.0,0.0,0.0,0.0,0.0,0.0,0.0,0.0,0.0,0.0,0.0,0.0,0.0,0.0,0.0,0.0,0.0,0.0,0.0,0.0,0.0,0.0,0.0,0.0,0.0,0.0,Security,1,Yes,,Obtained higher accuracy on each dataset compared to baseline models,Review side experiments?,,alzubi_cloud-iiot-based_2023
111,Farahany Z.; Wu J.; Sajjadul Islam K.M.; Madiraju P.,"Farahany, Zachariah (57348231000); Wu, Jiawei (57211108389); Sajjadul Islam, K.M. (58101091800); Madiraju, Praveen (6507994448)",57348231000; 57211108389; 58101091800; 6507994448,Oversampling techniques for predicting COVID-19 patient length of stay,2022,"Proceedings - 2022 IEEE International Conference on Big Data, Big Data 2022",,,,5253,5262,9.0,2,10.1109/BigData55660.2022.10020253,https://www.scopus.com/inward/record.uri?eid=2-s2.0-85147962097&doi=10.1109%2fBigData55660.2022.10020253&partnerID=40&md5=bd731f9d8d94a60580317c6c31dd52f2,Conference paper,Final,,Scopus,2-s2.0-85147962097,SD,Synthetic Oversampled Training Sets,Length of stay (LOS) prediction with COVID19,,0.0,1.0,0,1,0.0,0.0,0.0,0.0,0.0,0.0,0.0,0.0,0.0,0.0,0.0,Synthetic Data,,SD,,,Tabular,Froedert Hospital in Wauwatosa Wisconsin,ANN,0.0,0.0,0.0,0.0,0.0,0.0,0.0,0.0,1.0,F1,,0.0,0.0,0.0,0.0,1.0,0.0,0.0,0.0,1.0,1.0,1.0,0.0,0.0,0.0,0.0,0.0,0.0,0.0,0.0,0.0,0.0,0.0,0.0,0.0,0.0,0.0,0.0,0.0,0.0,0.0,0.0,0.0,0.0,0.0,0.0,0.0,0.0,0.0,0.0,0.0,0.0,COVID-19,-,-,"Model with raw data performed better expect for precision, synthetic samples did result in best model but raised percision.",,"NN not used for synthetic data, but rather syntheic data fed into NN",,farahany_oversampling_2022
136,Al Aziz M.M.; Ahmed T.; Faequa T.; Jiang X.; Yao Y.; Mohammed N.,"Al Aziz, Md Momin (57195218759); Ahmed, Tanbir (59028533700); Faequa, Tasnia (56606274400); Jiang, Xiaoqian (24479530900); Yao, Yiyu (7403567566); Mohammed, Noman (23025118200)",57195218759; 59028533700; 56606274400; 24479530900; 7403567566; 23025118200,Differentially Private Medical Texts Generation Using Generative Neural Networks,2022,ACM Transactions on Computing for Healthcare,3,1,3469035,,,,5,10.1145/3469035,https://www.scopus.com/inward/record.uri?eid=2-s2.0-85125710436&doi=10.1145%2f3469035&partnerID=40&md5=bf7a70d88b2b1576aa4ab9e37cad1358,Article,Final,,Scopus,2-s2.0-85125710436,SD | DF,Synthetic EHR Text Generation,Utility Analysis (ICD9 classifier),,1.0,0.0,1,0,0.0,1.0,0.0,0.0,0.0,0.0,1.0,0.0,0.0,0.0,0.0,Synthetic Data,Differential Privacy,DP-SD,,,Unstructured Text,"i2b2, MIMIC-III",Attentioned-based NN,0.0,0.0,0.0,1.0,0.0,0.0,0.0,0.0,0.0,"Jaccard Similairity, BLEU, G2 | F1 ICD9 code classifiscation",,0.0,0.0,0.0,0.0,1.0,0.0,0.0,0.0,0.0,0.0,0.0,0.0,0.0,0.0,0.0,0.0,0.0,0.0,0.0,0.0,0.0,0.0,0.0,0.0,0.0,0.0,0.0,0.0,0.0,0.0,0.0,0.0,0.0,1.0,0.0,1.0,1.0,0.0,0.0,0.0,0.0,General,-,-,,"The utility of such synthetic data is also compared with the original datasets and benchmarked against another technique [17] on three different settings. The experimental results demonstrate an almost indistinguishable performance between the original and synthetic data supporting the effectiveness of these generated free-texts. Unfortunately, we could not benchmark to some other solutions due to limited code or sensitive medical data access [9, 62].",,https://github.com/mominbuet/GenerateEHRs.git,al aziz_differentially_2022
146,Alam M.U.; Rahmani R.,"Alam, Mahbub Ul (57222724737); Rahmani, Rahim (8310584400)",57222724737; 8310584400,FedSepsis: A Federated Multi-Modal Deep Learning-Based Internet of Medical Things Application for Early Detection of Sepsis from Electronic Health Records Using Raspberry Pi and Jetson Nano Devices,2023,Sensors,23,2,970,,,,11,10.3390/s23020970,https://www.scopus.com/inward/record.uri?eid=2-s2.0-85146400657&doi=10.3390%2fs23020970&partnerID=40&md5=4859242161abf4048bf79828dea3563d,Article,Final,All Open Access; Gold Open Access,Scopus,2-s2.0-85146400657,FL,Sepsis Prediction,Client Edge Device Computation Efficiency,,1.0,0.0,0,0,0.0,0.0,0.0,0.0,0.0,0.0,1.0,0.0,0.0,0.0,0.0,Federated Learning,,CL,,,Tabular | Unstructured text,MIMIC-III,"Multimodal: ClinicalBERT, RNN-LSTM, GAN",1.0,0.0,1.0,0.0,1.0,1.0,0.0,0.0,0.0, AUPRC | AUROC | Earliness,,1.0,1.0,1.0,0.0,0.0,0.0,0.0,1.0,0.0,0.0,0.0,0.0,0.0,0.0,0.0,0.0,0.0,0.0,0.0,0.0,0.0,0.0,0.0,0.0,0.0,0.0,0.0,0.0,0.0,0.0,0.0,0.0,0.0,0.0,0.0,0.0,0.0,0.0,0.0,0.0,0.0,General,-,-,,,,,alam_fedsepsis:_2023
173,Li Z.; Yan C.; Zhang X.; Gharibi G.; Yin Z.; Jiang X.; Malin B.A.,"Li, Zhuohang (57215844154); Yan, Chao (57201776358); Zhang, Xinmeng (57212102235); Gharibi, Gharib (56252792800); Yin, Zhijun (56714518200); Jiang, Xiaoqian (24479530900); Malin, Bradley A. (6602093073)",57215844154; 57201776358; 57212102235; 56252792800; 56714518200; 24479530900; 6602093073,Split Learning for Distributed Collaborative Training of Deep Learning Models in Health Informatics,2023,AMIA ... Annual Symposium proceedings. AMIA Symposium,2023,,,1047,1056,9.0,0,,https://www.scopus.com/inward/record.uri?eid=2-s2.0-85182543987&partnerID=40&md5=5036df8ec42549f9413235d580f9ea82,Article,Final,,Scopus,2-s2.0-85182543987,SL,Clinical Concept Prediction (Binary Classification) | Image Classification (Multi-class),Model Efficiency,Privacy Analysis,1.0,0.0,0,0,0.0,0.0,0.0,0.0,0.0,0.0,1.0,0.0,0.0,0.0,0.0,Federated/Split Learning,,CL,,,Tabular | Image,PathMNiST | OrganAmNIST | BloodMNIST | eICU | VUMC,CNN | DNN,0.0,0.0,0.0,0.0,0.0,0.0,0.0,0.0,1.0,"Accuracy, AUROC | Accuracy, F1",,1.0,0.0,0.0,0.0,1.0,0.0,1.0,0.0,0.0,0.0,0.0,0.0,0.0,0.0,0.0,0.0,0.0,0.0,0.0,0.0,0.0,0.0,0.0,0.0,0.0,0.0,0.0,0.0,0.0,0.0,0.0,0.0,0.0,0.0,0.0,0.0,0.0,0.0,0.0,0.0,0.0,General,1,"Yes, Model Inversion Attack",Similar utlity to FL with better client-side efficiency and lower risk of inversion.,,,,li_split_2023
182,Ren H.; Wang J.; Zhao W.X.,"Ren, Houxing (57224629562); Wang, Jingyuan (36111994400); Zhao, Wayne Xin (36769862300)",57224629562; 36111994400; 36769862300,Generative Adversarial Networks Enhanced Pre-training for Insufficient Electronic Health Records Modeling,2022,Proceedings of the ACM SIGKDD International Conference on Knowledge Discovery and Data Mining,,,,3810,3818,8.0,7,10.1145/3534678.3539020,https://www.scopus.com/inward/record.uri?eid=2-s2.0-85137147308&doi=10.1145%2f3534678.3539020&partnerID=40&md5=ee387b3c6b85391e67a4ce735cb491e7,Conference paper,Final,,Scopus,2-s2.0-85137147308,SD,Synthetic EHR Generation,"MLM Pretraining, real-fake contrastive classifier","Disease Predicition: Diabetes, Hypertension, Mortality",1.0,1.0,1,0,0.0,0.0,0.0,0.0,0.0,0.0,0.0,0.0,0.0,0.0,1.0,Synthetic Data,,SD,,,Tabular,"Barnes-Jewish Hospital from a large academic medical center, Washington University in St Louis, MIMIC",GAN-based,0.0,0.0,1.0,0.0,0.0,0.0,0.0,0.0,0.0,"F1, AUCROC, AUCPR",,1.0,1.0,0.0,0.0,1.0,1.0,0.0,0.0,1.0,0.0,0.0,0.0,0.0,0.0,0.0,0.0,0.0,0.0,0.0,0.0,0.0,0.0,0.0,0.0,0.0,0.0,0.0,0.0,0.0,0.0,0.0,0.0,0.0,0.0,0.0,0.0,0.0,0.0,0.0,0.0,0.0,General,-,-,,"The proposed method can generate high-quality augment data to solve the data insufficiency problem of EHR, and can also avoid introducing noises of fake data into the final prediction model. Extensive experiments on three healthcare-related real-world datasets demonstrated the effectiveness of our method. We also deployed our method in a maternal and child health care hospital for the online test, which further evaluated the performance of the proposed method.",item-relation aware GAN,,ren_generative_2022
191,Yuan J.; Tang R.; Jiang X.; Hu X.,"Yuan, Jiayi (57752164900); Tang, Ruixiang (57218847353); Jiang, Xiaoqian (24479530900); Hu, Xia (35114937200)",57752164900; 57218847353; 24479530900; 35114937200,Large Language Models for Healthcare Data Augmentation: An Example on Patient-Trial Matching,2023,AMIA ... Annual Symposium proceedings. AMIA Symposium,2023,,,1324,1333,9.0,1,,https://www.scopus.com/inward/record.uri?eid=2-s2.0-85182539509&partnerID=40&md5=483ea0caa4ccd7f763a2730a75b76ddb,Article,Final,,Scopus,2-s2.0-85182539509,SD,Patient-Trial Matching,-,-,0.0,0.0,1,0,0.0,0.0,0.0,0.0,0.0,0.0,0.0,0.0,0.0,1.0,0.0,Synthetic Data,,SD,Trial Criteria with LLM Augmentation,,Unstructured Text,Stroke Clinical Trial Data | Patient EHR,ClinicalBERT,1.0,1.0,0.0,0.0,0.0,0.0,0.0,0.0,1.0,"P,R,F1",,0.0,0.0,0.0,0.0,0.0,0.0,0.0,0.0,1.0,1.0,1.0,0.0,0.0,0.0,0.0,0.0,0.0,0.0,0.0,0.0,0.0,0.0,0.0,0.0,0.0,0.0,0.0,0.0,0.0,0.0,0.0,0.0,0.0,0.0,0.0,0.0,0.0,0.0,0.0,0.0,0.0,General,-,-,,Notable improvement in patient-trial matching with LLM data augmentation approach,,,yuan_large_2023
201,Torfi A.; Fox E.A.,"Torfi, Amirsina (57195414347); Fox, Edward A. (55947341700)",57195414347; 55947341700,CorGAN: Correlation-capturing convolutional generative adversarial networks for generating synthetic healthcare records,2020,"Proceedings of the 33rd International Florida Artificial Intelligence Research Society Conference, FLAIRS 2020",,,,335,340,5.0,3,,https://www.scopus.com/inward/record.uri?eid=2-s2.0-85102409855&partnerID=40&md5=fdacb8ae5004d1c049a58e6c9647dfdc,Conference paper,Final,,Scopus,2-s2.0-85102409855,SD,Synthetic EHR Generation,Downstream classification and prediction,"Privacy, MIA",1.0,1.0,1,0,0.0,1.0,0.0,0.0,0.0,0.0,0.0,0.0,0.0,0.0,0.0,Sythetic Data,,SD,,,Tabular,MIMIC-III | UCI Epilectic Seizure Dataset,"CNN, GAN",0.0,0.0,1.0,0.0,0.0,0.0,0.0,1.0,0.0,Dimension-wise Probability | Dimension-wise Prediction | F1 | AUROC | AUPRC,,1.0,1.0,0.0,0.0,0.0,0.0,0.0,0.0,0.0,1.0,1.0,0.0,0.0,0.0,0.0,0.0,0.0,0.0,0.0,0.0,0.0,0.0,1.0,1.0,0.0,0.0,0.0,0.0,0.0,0.0,0.0,0.0,0.0,0.0,0.0,0.0,0.0,0.0,0.0,0.0,0.0,General,1,"Yes, MIA",,,,https://github.com/astorfi/ cor-ganhttps://github.com/astorfi/cor-gan,torfi_corgan:_2020
202,Lu Q.; Dou D.; Nguyen T.H.,"Lu, Qiuhao (57211255287); Dou, Dejing (22733517600); Nguyen, Thien Huu (56349955800)",57211255287; 22733517600; 56349955800,Textual Data Augmentation for Patient Outcomes Prediction,2021,"Proceedings - 2021 IEEE International Conference on Bioinformatics and Biomedicine, BIBM 2021",,,,2817,2821,4.0,7,10.1109/BIBM52615.2021.9669861,https://www.scopus.com/inward/record.uri?eid=2-s2.0-85125173639&doi=10.1109%2fBIBM52615.2021.9669861&partnerID=40&md5=8f65381a61dfd80c8ea07cf229b95b20,Conference paper,Final,All Open Access; Green Open Access,Scopus,2-s2.0-85125173639,SD,Synthetic Text Generation,30-Day ReAdmission Prediction,-,0.0,1.0,1,0,0.0,0.0,0.0,0.0,0.0,0.0,0.0,0.0,0.0,0.0,0.0,Synthetic Data,-,SD,-,,Unstructured Text, MIMIC-III DIscharge Summaries,GPT-2 | ClinicalBERT,1.0,1.0,0.0,0.0,0.0,0.0,0.0,0.0,0.0,AUROC /APRC,,1.0,1.0,0.0,0.0,0.0,0.0,0.0,0.0,0.0,0.0,0.0,0.0,0.0,1.0,0.0,0.0,0.0,0.0,0.0,0.0,0.0,0.0,0.0,0.0,0.0,0.0,0.0,0.0,0.0,0.0,0.0,0.0,0.0,0.0,0.0,0.0,0.0,0.0,0.0,0.0,0.0,General,-,-,Teacher-student-based data augmentation for learning syntehtic samples used in training more performant classifiers in downstream disease classification tasks,,"Data Augmentation to improve performance, no privacy studies",,lu_textual_2021
214,Guo A.; Foraker R.E.; MacGregor R.M.; Masood F.M.; Cupps B.P.; Pasque M.K.,"Guo, Aixia (57216776680); Foraker, Randi E. (8621791900); MacGregor, Robert M. (57210561603); Masood, Faraz M. (26429669300); Cupps, Brian P. (8084095400); Pasque, Michael K. (7005120822)",57216776680; 8621791900; 57210561603; 26429669300; 8084095400; 7005120822,The Use of Synthetic Electronic Health Record Data and Deep Learning to Improve Timing of High-Risk Heart Failure Surgical Intervention by Predicting Proximity to Catastrophic Decompensation,2020,Frontiers in Digital Health,2,,576945,,,,18,10.3389/fdgth.2020.576945,https://www.scopus.com/inward/record.uri?eid=2-s2.0-85104321435&doi=10.3389%2ffdgth.2020.576945&partnerID=40&md5=eb1c27bd985d38c4cf0361fdb6b3037d,Article,Final,All Open Access; Gold Open Access; Green Open Access,Scopus,2-s2.0-85104321435,SD,Synthetic Data Generation,1 Year Mortality Prediction,,0.0,1.0,unspecified,unspecified,0.0,1.0,0.0,0.0,0.0,0.0,0.0,0.0,0.0,0.0,0.0,Synthetic Data,,SD,,,Tabular,"Barnes-Jewish Hospital from a large academic medical center, Washington University in St Louis","DNN, RF, LR",0.0,0.0,0.0,0.0,0.0,0.0,0.0,0.0,1.0,AUC,,0.0,0.0,0.0,1.0,0.0,0.0,0.0,0.0,0.0,0.0,0.0,0.0,0.0,0.0,0.0,0.0,0.0,0.0,0.0,0.0,0.0,0.0,0.0,0.0,0.0,0.0,0.0,0.0,0.0,0.0,0.0,0.0,0.0,0.0,0.0,0.0,0.0,0.0,0.0,0.0,0.0,General,-,-,,,,,guo_the_2020
240,Libbi C.A.; Trienes J.; Trieschnigg D.; Seifert C.,"Libbi, Claudia Alessandra (57224188532); Trienes, Jan (57208468073); Trieschnigg, Dolf (23013092400); Seifert, Christin (8850014900)",57224188532; 57208468073; 23013092400; 8850014900,Generating synthetic training data for supervised de-identification of electronic health records,2021,Future Internet,13,5,136,,,,12,10.3390/fi13050136,https://www.scopus.com/inward/record.uri?eid=2-s2.0-85107199191&doi=10.3390%2ffi13050136&partnerID=40&md5=d9acf62d76b2a471467dc29abb4ff60f,Article,Final,All Open Access; Gold Open Access,Scopus,2-s2.0-85107199191,SD,NER | De-identification,Analysis of Synthetic Notes,,0.0,0.0,1,0,0.0,1.0,1.0,0.0,0.0,0.0,0.0,0.0,0.0,0.0,0.0,Synthetic Text Generation,,SD,,,Unstructured Text,Dutch EHR Notes,LSTM | GPT-2 | BiLSTMCRF,0.0,1.0,0.0,0.0,1.0,0.0,0.0,0.0,1.0,"Summary Stats of Synthetic Corpora | PHI Frequencies in Synthetic Corpora | Precision,Recall,F1 of downstream de-identificiton performance",,0.0,0.0,0.0,0.0,0.0,0.0,1.0,0.0,0.0,1.0,1.0,0.0,0.0,0.0,0.0,0.0,0.0,0.0,0.0,0.0,0.0,0.0,0.0,0.0,0.0,0.0,0.0,0.0,0.0,0.0,0.0,0.0,0.0,0.0,0.0,0.0,0.0,1.0,1.0,0.0,0.0,General,1,ROGUE-N Recall of n-grams | user study,,Real + Synthetic resulted in best downstream de-identification performance,"LSTM is more useful in downstream tasks, but GPT-2 is more coherent. Synthetic docs can still replicate real sensitive chunks from real EHR",,libbi_generating_2021
241,Lee S.H.,"Lee, Scott H. (57209989458)",57209989458,Natural language generation for electronic health records,2018,npj Digital Medicine,1,1,63,,,,45,10.1038/s41746-018-0070-0,https://www.scopus.com/inward/record.uri?eid=2-s2.0-85089606125&doi=10.1038%2fs41746-018-0070-0&partnerID=40&md5=1920fee165348795bb7a792e472d7eff,Article,Final,All Open Access; Gold Open Access; Green Open Access,Scopus,2-s2.0-85089606125,SD,Chief Complaint Generation,Synthetic Text Classifier,,0.0,0.0,0,0,1.0,1.0,0.0,0.0,0.0,0.0,0.0,0.0,0.0,0.0,0.0,Synthetic Text Generation,,SD,,,Tabular | Unstructured Text,Real ED EHR Records,LSTM,0.0,0.0,0.0,0.0,1.0,0.0,0.0,0.0,0.0,"BLEU, ROUGE | F1",,0.0,0.0,0.0,0.0,0.0,0.0,0.0,0.0,1.0,1.0,1.0,0.0,0.0,0.0,0.0,0.0,0.0,0.0,0.0,0.0,0.0,0.0,0.0,0.0,0.0,0.0,0.0,0.0,0.0,0.0,0.0,0.0,0.0,0.0,0.0,0.0,0.0,1.0,0.0,1.0,1.0,General,1,PII-removal,Generate realistic clinicla chief complaints from discrete EHR values,,,,lee_natural_2018
247,Sun S.; Wang F.; Rashidian S.; Kurc T.; Abell-Hart K.; Hajagos J.; Zhu W.; Saltz M.; Saltz J.,"Sun, Siao (57220047128); Wang, Fusheng (55740430900); Rashidian, Sina (56524474600); Kurc, Tahsin (6701424615); Abell-Hart, Kayley (57193519468); Hajagos, Janos (6507128238); Zhu, Wei (57037437700); Saltz, Mary (57193216004); Saltz, Joel (7004423034)",57220047128; 55740430900; 56524474600; 6701424615; 57193519468; 6507128238; 57037437700; 57193216004; 7004423034,Generating Longitudinal Synthetic EHR Data with Recurrent Autoencoders and Generative Adversarial Networks,2021,Lecture Notes in Computer Science (including subseries Lecture Notes in Artificial Intelligence and Lecture Notes in Bioinformatics),12921 LNCS,,,153,165,12.0,6,10.1007/978-3-030-93663-1_12,https://www.scopus.com/inward/record.uri?eid=2-s2.0-85122565661&doi=10.1007%2f978-3-030-93663-1_12&partnerID=40&md5=72f63ad96987c2a2e2c6e99058372ef5,Conference paper,Final,,Scopus,2-s2.0-85122565661,SD,Synthetic Data Generation,Attribute Attack Analysis,,1.0,0.0,1,0,0.0,0.0,0.0,0.0,0.0,0.0,0.0,0.0,0.0,0.0,0.0,Synthetic data,,SD,,,Tabular,Cerner Health Facts database,"GAN-based | LSTM, RF, Logistic Reg",0.0,0.0,1.0,0.0,1.0,0.0,0.0,0.0,0.0,"Train on Synthetic and Test on Real (TSTR), AUROC, AUPRC",,1.0,1.0,0.0,0.0,0.0,0.0,0.0,0.0,0.0,0.0,0.0,0.0,0.0,0.0,0.0,0.0,0.0,0.0,0.0,0.0,0.0,0.0,0.0,0.0,0.0,0.0,0.0,0.0,0.0,0.0,0.0,0.0,0.0,0.0,0.0,0.0,0.0,0.0,0.0,0.0,0.0,General,1,knn-estimation attack,,It can produce synthetic datasets that enable training of machine/deep learning models with comparable predictive performances to those of models trained with real data.,,,sun_generating_2021
249,Yang F.; Yu Z.; Liang Y.; Gan X.; Lin K.; Zou Q.; Zeng Y.,"Yang, Fan (57216129178); Yu, Zhongping (57216702649); Liang, Yunfan (57216702678); Gan, Xiaolu (57216702918); Lin, Kaibiao (56136745000); Zou, Quan (23391564900); Zeng, Yifeng (19639543500)",57216129178; 57216702649; 57216702678; 57216702918; 56136745000; 23391564900; 19639543500,Grouped Correlational Generative Adversarial Networks for Discrete Electronic Health Records,2019,"Proceedings - 2019 IEEE International Conference on Bioinformatics and Biomedicine, BIBM 2019",,,8983215,906,913,7.0,8,10.1109/BIBM47256.2019.8983215,https://www.scopus.com/inward/record.uri?eid=2-s2.0-85084332816&doi=10.1109%2fBIBM47256.2019.8983215&partnerID=40&md5=a57556e6762f7157920db8f50f5aed91,Conference paper,Final,,Scopus,2-s2.0-85084332816,SD,Synthetic Data Generation,Multi-label Treatment/perscription recommendation,,0.0,0.0,1,0,0.0,1.0,0.0,0.0,0.0,1.0,0.0,0.0,0.0,0.0,0.0,Synthetic Data,,SD,,,Tabular,Real Pediatric EHR Records,"GAN-based, CorNN",1.0,1.0,0.0,1.0,1.0,0.0,0.0,0.0,0.0,"Jiccard, F1, Hamming loss",,0.0,0.0,0.0,0.0,0.0,0.0,0.0,0.0,1.0,0.0,0.0,0.0,0.0,0.0,0.0,0.0,0.0,0.0,0.0,0.0,0.0,0.0,0.0,0.0,0.0,0.0,0.0,0.0,0.0,0.0,0.0,0.0,0.0,1.0,1.0,0.0,0.0,0.0,0.0,0.0,0.0,General,-,-,,verifies the benefits of using grouped correlation information to improve GANs.,,,yang_grouped_2019
263,Ahmed T.; Aziz M.M.A.; Mohammed N.; Jiang X.,"Ahmed, Tanbir (59028533700); Aziz, Md Momin Al (57195218759); Mohammed, Noman (23025118200); Jiang, Xiaoqian (24479530900)",59028533700; 57195218759; 23025118200; 24479530900,Privacy preserving neural networks for electronic health records de-identification,2021,"Proceedings of the 12th ACM Conference on Bioinformatics, Computational Biology, and Health Informatics, BCB 2021",,,,,,,1,10.1145/3459930.3469555,https://www.scopus.com/inward/record.uri?eid=2-s2.0-85112393530&doi=10.1145%2f3459930.3469555&partnerID=40&md5=c4a7ca1875db592d54daa873af967556,Conference paper,Final,,Scopus,2-s2.0-85112393530,DF,Clinical Text De-identification,,,0.0,0.0,0,0,0.0,0.0,1.0,0.0,0.0,0.0,0.0,0.0,0.0,0.0,0.0,Differential Privacy,,DP,,,Unstructured Text,"i2b2,MIMIC-III,NursingNote","DNN with attention, Ensemble",0.0,0.0,0.0,1.0,0.0,0.0,0.0,0.0,0.0,"P,R,F1",,0.0,0.0,0.0,0.0,0.0,0.0,0.0,0.0,1.0,1.0,1.0,0.0,0.0,0.0,0.0,0.0,0.0,0.0,0.0,0.0,0.0,0.0,0.0,0.0,0.0,0.0,0.0,0.0,0.0,0.0,0.0,0.0,0.0,0.0,0.0,0.0,0.0,0.0,0.0,0.0,0.0,General,-,-,Competitive de-identification performance using DP-SGD,,no measure of privacy outcomes,,ahmed_privacy_2021
